Date,Close,High,Low,Open,Volume
2023-04-03,30.238037109375,30.28369940952019,28.90467669389334,29.425236321836,2455500.0
2023-04-04,29.61701774597168,30.502880931196305,28.9594695273464,30.502880931196305,1253200.0
2023-04-05,29.69007682800293,29.872729498686045,29.059928772146613,29.607883300386025,914400.0
2023-04-06,29.744876861572266,30.16497561049088,29.123859804992453,29.607886472928666,1553100.0
2023-04-10,30.44808387756348,30.667267776881665,29.94579165122959,29.94579165122959,1211200.0
2023-04-11,31.014307022094727,31.24262200927236,30.69466743357014,30.90471680371633,1827100.0
2023-04-12,30.886449813842773,31.46180453142388,30.84991858140364,31.343079767901724,1214200.0
2023-04-13,31.51659774780273,31.95496556738712,30.75859383921695,31.206089241153,1572800.0
2023-04-14,32.01889419555664,32.03715981209725,31.23349010336119,31.671854448905368,885500.0
2023-04-17,31.23348426818848,32.19240631265459,31.133025137888406,32.11021279548267,1082300.0
2023-04-18,31.1695613861084,31.22435475051153,30.77685935010573,31.160426836167847,908900.0
2023-04-19,30.86817741394043,30.88644302614589,30.01884560733766,30.48461000905366,1131000.0
2023-04-20,30.19237327575684,30.42068824869684,29.56222172080404,30.28369787140883,1166700.0
2023-04-21,29.927528381347656,30.183240047417065,29.69007884816021,30.05538421438236,723900.0
2023-04-24,30.81339263916016,30.90471724180168,29.54395836605726,29.96406059611497,705600.0
2023-04-25,29.50742530822754,30.4572128498302,29.388700559098584,30.101042086252995,979400.0
2023-04-26,29.07819557189941,29.85446509915632,28.877279019488984,29.38870407956419,849400.0
2023-04-27,29.50742530822754,29.863596071804743,29.023396988518783,29.66267780155723,787200.0
2023-04-28,30.292829513549805,30.57594133955114,29.27911394081809,29.534825600554733,742000.0
2023-05-01,30.438953399658203,30.72206173214113,29.626149182006348,29.836198535845604,1147100.0
2023-05-02,29.33390617370605,30.15584145372616,28.71289092266472,30.128444772328805,1189600.0
2023-05-03,28.31105613708496,29.20605039690981,28.21972980116498,28.667226931077405,2064100.0
2023-05-04,28.247129440307617,28.996002291655003,28.16493590863241,28.247129440307617,1788000.0
2023-05-05,29.069061279296875,30.091913089117075,28.749419979859,29.452630490241333,2288400.0
2023-05-08,29.22431755065918,30.21977100658092,29.096461718784667,29.66268189586185,1427400.0
2023-05-09,28.521106719970703,29.24258288874737,28.47544442099461,28.84074803851853,1746700.0
2023-05-10,28.466312408447266,28.86814726990733,27.8818266040727,28.612433859540907,1391000.0
2023-05-11,28.68549537658692,28.6946281852704,27.8361633299794,27.97315197642138,954800.0
2023-05-12,28.776819229125977,29.17865406687025,28.22886294891196,28.996001392830586,626400.0
2023-05-15,29.18778610229492,29.909262272619088,28.703759461251924,29.02340078048535,743800.0
2023-05-16,27.59871482849121,28.49371089576945,27.406931076727727,28.301925402100863,7156800.0
2023-05-17,27.67177391052246,28.15580227826373,27.279073621870108,27.954885729983108,4094900.0
2023-05-18,28.27452278137207,28.29278839556456,27.005092207376386,27.489120532048297,2023600.0
2023-05-19,28.47544288635254,28.99600073100757,28.19233281576743,28.722023468106485,1488900.0
2023-05-22,29.13298797607422,29.75400667570047,28.39324800792016,28.39324800792016,1977800.0
2023-05-23,28.849878311157227,29.81793498989707,28.685491262242728,29.242580318696326,1973500.0
2023-05-24,29.20605087280273,29.40696916348152,28.49370927321072,29.059929429711808,1442900.0
2023-05-25,28.329322814941406,29.01426774716781,28.037079922562945,28.49370987738055,1645600.0
2023-05-26,28.301921844482425,28.502838379441595,27.909219839962542,28.475441699436413,1431400.0
2023-05-30,27.772232055664062,27.799630478404243,27.078154356723843,27.69003852934845,1304100.0
2023-05-31,27.31560134887696,27.77223126342442,27.151214300935084,27.32473415619649,1811400.0
2023-06-01,27.3338680267334,27.763099536018263,27.005093918061192,27.39779593855189,1457800.0
2023-06-02,28.66722679138184,28.886408951378723,27.89095729460722,28.073608223652144,1024300.0
2023-06-05,28.37498664855957,29.36130907654793,28.27452749565591,29.233449755882194,934000.0
2023-06-06,29.196916580200195,29.23344606816289,27.82702681445328,27.900087532283585,2360000.0
2023-06-07,30.21063804626465,30.42068739743443,29.425234003919424,29.48916191584893,2136800.0
2023-06-08,30.21063804626465,30.47548075976834,29.708342332804392,30.073647672810047,1143100.0
2023-06-09,30.137575149536133,30.52114261557422,29.854463340929545,30.09191285364729,770500.0
2023-06-12,29.607887268066406,30.00972389418038,29.22431974365986,29.61702181892012,1113700.0
2023-06-13,30.06451416015625,30.84078716348988,29.91839271587616,29.982324113820606,1073700.0
2023-06-14,29.890993118286133,30.594203588985653,29.324773012404457,30.43895109374781,951000.0
2023-06-15,30.365890502929688,30.831651501075708,29.690076670138502,29.85446372449825,1853400.0
2023-06-16,30.41155433654785,30.749459528117807,29.991455613643577,30.575941399216497,2898400.0
2023-06-20,30.338497161865234,30.42069069809405,29.25171557352753,30.39329053014425,1302200.0
2023-06-21,30.51201057434082,31.169558762307474,30.174105414995623,30.33849246198729,1495300.0
2023-06-22,29.5439567565918,30.11931147655856,29.425235476387453,29.95492441371092,1383300.0
2023-06-23,29.28824234008789,29.38870147835393,28.81334681252737,29.014265089059453,3160800.0
2023-06-26,29.854461669921875,30.39328509239494,29.352169475639105,29.52569106763819,1334000.0
2023-06-27,30.12844657897949,30.42068947744209,29.49829499857376,29.67181661465541,1394000.0
2023-06-28,30.950458526611328,31.079768093508857,29.7405203846221,30.05455085757951,1986100.0
2023-06-29,31.495397567749023,31.63394178782899,30.98740796633228,31.12595218641224,1063500.0
2023-06-30,31.69859504699707,32.123458824105064,31.61546921901282,31.80942830986744,2125200.0
2023-07-03,31.726303100585938,32.05880641900717,31.652415431673425,31.7817214947648,396000.0
2023-07-05,32.12345504760742,32.12345504760742,31.495394092968272,31.883315752398563,1153900.0
2023-07-06,31.015119552612305,31.984918542839512,30.497891780272354,31.80942872407324,1030000.0
2023-07-07,31.754016876220703,32.35436701144826,30.811925231563404,30.811925231563404,946300.0
2023-07-10,32.31741714477539,32.372832007185515,31.70782899498597,31.855607833622027,1479000.0
2023-07-11,32.4651985168457,32.539086180266864,31.984916372968154,32.40978012678555,1245700.0
2023-07-12,33.084022521972656,33.157913711335084,32.54832549239839,32.6776315504568,1237400.0
2023-07-13,32.94547653198242,33.73978915828626,32.71457186263017,33.213326794029186,1354400.0
2023-07-14,31.84637260437012,32.880824569997536,31.790954213535777,32.71457292082027,1076600.0
2023-07-17,31.947969436645508,32.086513644309264,31.42150708484413,31.68011918093588,1004300.0
2023-07-18,33.5273551940918,33.564300784481915,31.883315178311104,31.883315178311104,1498100.0
2023-07-19,33.14867401123047,33.75826220185151,32.80693608461771,33.5365956907124,854400.0
2023-07-20,33.71208572387695,33.721320361483045,33.2410416927931,33.62895989211791,1624700.0
2023-07-21,33.721317291259766,33.91527989658853,33.481177978778746,33.83215407239784,1012300.0
2023-07-24,34.284725189208984,34.51562986442276,33.71208258121005,33.71208258121005,1064200.0
2023-07-25,35.23604965209961,35.41153591099287,34.09999571700968,34.25701270513541,1475700.0
2023-07-26,35.48542785644531,35.64244486356421,34.74653361998308,35.02361851824071,1411000.0
2023-07-27,35.5870246887207,36.23355843442731,35.33764723580563,35.780987278760506,1605700.0
2023-07-28,36.54759216308594,36.575299596990114,35.374595975690205,35.725572072888134,973800.0
2023-07-31,36.36286926269531,37.009403093458,36.14120273538155,36.94475006271433,1264400.0
2023-08-01,36.36286926269531,36.46446788909993,35.64244776393668,35.90105988691138,790400.0
2023-08-02,36.372108459472656,36.69537362240048,35.97495210311788,36.22432959594479,1374400.0
2023-08-03,38.41330337524414,38.94900041005147,36.67689916484887,37.79447698992911,2868300.0
2023-08-04,39.03212738037109,39.17067160417368,38.13621957597919,38.37635890413424,2082600.0
2023-08-07,38.63497161865234,39.4477535316824,38.47795460871596,39.364627708380944,1552100.0
2023-08-08,38.64420700073242,38.90281911229169,37.63746246502928,37.7021154929191,1903800.0
2023-08-09,39.17067337036133,39.58630253718365,38.78275516354458,38.93976866916295,1482000.0
2023-08-10,38.26552200317383,39.17066788225458,37.88683848719794,38.96747064620512,1639900.0
2023-08-11,38.81045913696289,38.90281959986999,38.26552394982908,38.26552394982908,836100.0
2023-08-14,37.831424713134766,38.71809790406932,37.80371727695746,38.29323410716227,1831400.0
2023-08-15,37.36037826538086,37.56357198975062,36.69537165352313,37.55433735273075,1448800.0
2023-08-16,36.95398712158203,37.92378969294073,36.88009944874418,37.37885445287274,1513300.0
2023-08-17,37.39732360839844,37.90531320089243,37.31419778247572,37.60051733140055,1306600.0
2023-08-18,38.00691604614258,38.16392955514668,37.06482442213935,37.22183793114345,1568500.0
2023-08-21,38.01614761352539,38.80122214178709,37.75753549095936,38.56108281702233,1322800.0
2023-08-22,37.59128952026367,38.23782344780166,37.50816367924698,38.07157176576828,1362100.0
2023-08-23,37.33266830444336,37.52663092029784,36.67689983542248,37.120236414056,854200.0
2023-08-24,36.796966552734375,37.56356818751765,36.77849375723863,37.20335748366433,1031400.0
2023-08-25,37.4989128112793,37.70211002565309,36.68613100043466,37.24953889605271,1039600.0
2023-08-28,37.81295394897461,38.22858313062612,37.4989234032075,37.8498995480828,589300.0
2023-08-29,37.92379379272461,38.13622571967202,37.425038734677706,37.97920867251213,451200.0
2023-08-30,38.302467346191406,38.53337201353363,37.88683824031029,37.997671494103386,674400.0
2023-08-31,38.63497161865234,38.764277671937776,38.04385269554998,38.385594148748,887700.0
2023-09-01,39.70636749267578,39.8079625850401,39.05983373009746,39.16143234578734,1424800.0
2023-09-05,39.05984115600586,40.30672516684681,39.01366091918327,39.94651438697392,2564600.0
2023-09-06,39.24456405639648,39.60477482185687,38.90282256626517,38.93053352591095,1092000.0
2023-09-07,39.38310241699219,39.64171453611803,39.13372493498118,39.13372493498118,856200.0
2023-09-08,39.59553527832031,40.23283447802961,39.49393665092747,39.7248413410654,1062200.0
2023-09-11,38.04384994506836,39.99268581009716,37.88683646980939,39.93727094745303,1881900.0
2023-09-12,38.73656845092773,38.87511267041303,38.23781701209756,38.23781701209756,1715700.0
2023-09-13,37.89608001708984,38.884351897657886,37.600522269069096,38.81046422231584,1642000.0
2023-09-14,37.859134674072266,38.699627608100585,37.72982508756132,38.50566498999714,1189800.0
2023-09-15,37.07405471801758,37.74829595828967,36.90780306717506,37.48968384512388,2989500.0
2023-09-18,37.39732360839844,37.74829618600472,37.037109347182806,37.40655824535615,1644500.0
2023-09-19,36.907806396484375,38.117748292687786,36.80620776476849,37.88684359272481,1272300.0
2023-09-20,36.17814636230469,37.129476113160194,36.1319661274071,36.584540885386055,1411200.0
2023-09-21,35.75328063964844,36.48294029106801,35.6332127400421,36.20585537326938,1602300.0
2023-09-22,35.96571350097656,36.584539906693145,35.6424483420152,36.05807749162694,865500.0
2023-09-25,36.69536972045898,36.90780159398383,35.947237321529684,35.947237321529684,645800.0
2023-09-26,36.8154411315918,37.18488648942641,36.34439363194618,36.3536317918043,773000.0
2023-09-27,38.17690658569336,38.72708688531355,37.51482623315136,37.76660402015435,1925000.0
2023-09-28,38.04635620117188,38.42868464550425,37.7293030846105,37.7945784123815,1478800.0
2023-09-29,37.51482009887695,38.18622742109906,37.26304235304366,38.148926223811614,753700.0
2023-10-02,36.013484954833984,37.59875045438273,35.56588120623876,37.5614492526902,1480000.0
2023-10-03,36.58231735229492,36.59164443172529,35.668459216237714,35.94821112609384,1156900.0
2023-10-04,35.09030532836914,36.06943880637026,34.54944854481813,36.06943880637026,1232000.0
2023-10-05,35.11827850341797,35.35140568508093,34.66134766217365,34.72662654569868,1367500.0
2023-10-06,35.78036117553711,36.27459325176798,35.09030666493358,35.38870919231436,769700.0
2023-10-09,37.75727462768555,38.14892653063982,36.89004134858624,37.1045178988571,1258200.0
2023-10-10,38.06500244140625,38.51260616222197,37.76659996086244,37.77592348208774,1094400.0
2023-10-11,36.58231735229492,36.9553222702621,35.9948358515301,36.15336418669964,6941300.0
2023-10-12,36.554344177246094,37.22574806687931,36.20931693137634,36.99262087640866,4651700.0
2023-10-13,37.79457092285156,37.93444863020699,36.70353761153555,36.89936355604286,2409400.0
2023-10-16,37.97175598144531,38.07433250916791,37.08587199148651,37.79457704911049,1628300.0
2023-10-17,37.88782501220703,38.35407930726217,37.580095469996415,37.91579913159419,1616500.0
2023-10-18,37.999732971191406,38.33543670279448,37.63605511436764,38.23286016733368,1239900.0
2023-10-19,37.87850189208984,38.195554988145,37.11384505288123,37.48684995079495,1422300.0
2023-10-20,36.86206817626953,37.887829891843154,36.76881872814394,37.692000359197934,1452200.0
2023-10-23,36.33053970336914,36.92734472857822,36.18133844706687,36.60096809205405,1729400.0
2023-10-24,35.836307525634766,36.68489025061978,35.81765692585905,36.61961493002387,1310400.0
2023-10-25,36.283912658691406,36.43311390545757,35.621832348493975,35.83630891839293,1158200.0
2023-10-26,36.21863555908203,36.64758867784036,35.20220100370538,35.79900596149752,1340600.0
2023-10-27,35.78968811035156,36.44244497031487,35.37938196893758,36.27459310468891,1598300.0
2023-10-30,35.41667938232422,36.022811449663344,34.875826195507535,35.69643127600446,1770800.0
2023-10-31,35.752384185791016,36.06011021120584,34.97840024680623,35.4819558053815,792600.0
2023-11-01,35.267478942871094,36.08808759939907,35.19288009622586,35.89226162506213,1020800.0
2023-11-02,36.07875442504883,36.209308609789005,34.51213978054477,34.55876805371374,1336300.0
2023-11-03,36.12538528442383,36.61028663350721,35.584528580636736,36.14403232634098,1131700.0
2023-11-06,35.08097839355469,36.19998961184712,34.96907833889703,36.05078835322403,1086400.0
2023-11-07,33.980613708496094,34.53079395077382,33.691538305473706,34.53079395077382,1540400.0
2023-11-08,33.24393844604492,33.9619670550249,33.23461136646729,33.738166946501906,1236000.0
2023-11-09,33.06675720214844,33.85939172079778,33.04810660153145,33.47706330124544,1160900.0
2023-11-10,33.88736343383789,34.316316545816555,33.2439337658699,33.467733842885686,1040800.0
2023-11-13,33.83141326904297,34.27901700191893,33.71018970365704,33.95264039166717,780700.0
2023-11-14,34.260372161865234,34.484172264074154,33.495711733809046,33.98061669824635,1230200.0
2023-11-15,34.279014587402344,35.052998433251105,34.10183923392229,34.10183923392229,898100.0
2023-11-16,33.60761260986328,33.94331629312254,32.80565460146354,33.794115051367115,1427900.0
2023-11-17,34.763919830322266,34.987723461828715,33.989939534056816,33.989939534056816,1270200.0
2023-11-20,34.90380096435547,35.20220346410791,34.810551517147225,35.07165281512101,760400.0
2023-11-21,35.00637435913086,35.01569788012229,34.232390499033336,34.68932128685109,891200.0
2023-11-22,34.92245101928711,35.080975788510514,33.48638678840511,33.719513960019526,1035100.0
2023-11-24,35.043678283691406,35.49128202809966,34.76392283085269,34.76392283085269,519900.0
2023-11-27,34.5960693359375,34.87582477546523,34.42821749511613,34.81987297611205,1334000.0
2023-11-28,34.642696380615234,35.37005196011929,34.63336930243602,34.93177177388579,936400.0
2023-11-29,34.58675003051758,35.136930340886245,34.474849975409654,34.85717842449713,828400.0
2023-11-30,34.894474029541016,35.65913444021084,34.512145602825306,35.034351758170004,1290400.0
2023-12-01,35.342079162597656,36.050784169501874,34.735947118836776,34.735947118836776,1441200.0
2023-12-04,34.91312026977539,35.22084981142765,34.60539428536109,34.95042146704923,1089300.0
2023-12-05,33.92466354370117,35.090299282694936,33.915336465735955,34.99704628923265,1125900.0
2023-12-06,32.63780212402344,34.008590951548626,32.60050092500169,33.72883551612363,2068600.0
2023-12-07,33.06675720214844,33.281233773386255,32.75903118506403,32.93620655506788,1556500.0
2023-12-08,34.3069953918457,34.34429659300134,33.26258310291783,33.37448670638475,1245000.0
2023-12-11,33.73816680908203,34.40957424639346,33.691542083099534,33.980617518534174,2082200.0
2023-12-12,32.53522109985352,33.32785546173005,32.3673692847379,33.18797776338783,1685600.0
2023-12-13,33.02945709228516,33.12271009845138,32.25547670591701,32.54455568917462,2308200.0
2023-12-14,34.50282287597656,34.71729945617483,33.728838925608564,33.766140128400906,2306500.0
2023-12-15,34.17643737792969,34.71729044914623,33.94331025681758,34.6147139466989,3977600.0
2023-12-18,35.10895538330078,35.612507397956705,34.8944752433454,34.92245292438744,2565900.0
2023-12-19,35.50060272216797,35.52857684232834,34.37226815068409,35.0343484142254,1586300.0
2023-12-20,34.88514709472656,36.12538525836848,34.773247057114034,35.67777799344224,1451000.0
2023-12-21,35.239505767822266,35.24882928993928,34.68932547471742,35.03435270886295,1206400.0
2023-12-22,35.27680206298828,35.79900460261522,35.23950086523264,35.44465033841265,967200.0
2023-12-26,36.18133544921875,36.31188609301149,35.52857867301681,35.66845639550231,1018200.0
2023-12-27,36.2661361694336,36.501691733138095,36.011735729317614,36.32266720437537,943100.0
2023-12-28,35.436981201171875,36.25671359399068,35.40871568240693,36.01173737801124,918000.0
2023-12-29,34.92818069458008,35.540626632927925,34.84338054302872,35.502936877951136,1295600.0
2024-01-02,34.71146774291992,35.62542447320143,34.551288091806995,35.276799653723195,903500.0
2024-01-03,35.36160659790039,35.58774156227082,34.53245344855989,34.78685034132331,1031100.0
2024-01-04,34.42879867553711,35.79502152982839,34.37226405184983,35.55946598923652,1195000.0
2024-01-05,33.94826889038086,34.57013547507892,33.345247183315216,34.344004132075746,1580200.0
2024-01-08,34.18382263183594,34.18382263183594,33.06257943017515,33.420624897358906,1452000.0
2024-01-09,33.58080291748047,34.2309386187783,33.19449190996283,34.2309386187783,1008000.0
2024-01-10,33.36408615112305,33.75039708842752,32.98719585381964,33.75039708842752,1001900.0
2024-01-11,33.57138442993164,33.759829624925715,33.29813907690489,33.637339709035594,1047300.0
2024-01-12,33.8823127746582,34.3816930337874,33.627912324375664,34.3816930337874,861200.0
2024-01-16,32.704532623291016,33.646754849909314,32.67626710666608,33.646754849909314,1383900.0
2024-01-17,32.10151672363281,32.55378304210819,31.91307152569477,32.17689624052531,1169000.0
2024-01-18,32.110939025878906,32.318225496258975,31.611558742284103,32.318225496258975,1271800.0
2024-01-19,31.71520233154297,32.18631347942346,31.51733651206344,32.18631347942346,2015200.0
2024-01-22,31.89422607421875,32.14862654772662,31.29120432707112,31.517339279398044,1353800.0
2024-01-23,31.59271049499512,32.16746663535342,31.479644832819044,31.8942213236597,1267800.0
2024-01-24,31.93191719055176,32.06382775406588,31.47965086094908,31.8659619087947,1333900.0
2024-01-25,32.74222183227539,32.80817709950204,31.979020547419506,32.33706599400168,1181500.0
2024-01-26,32.84586715698242,32.97777769266629,32.158045367850484,32.8081774055606,746300.0
2024-01-29,32.65742492675781,32.82702522909337,32.17689313300229,32.685690445716126,789600.0
2024-01-30,33.071998596191406,33.15679874005005,32.35591128805704,32.47840118347342,1136200.0
2024-01-31,31.56444358825684,33.07199766520287,31.52675383776008,33.03431150899855,1585500.0
2024-02-01,31.253511428833008,32.12977844032298,31.046224970513123,31.847112474037484,1236300.0
2024-02-02,30.292449951171875,31.14044790850304,30.25476019459013,31.14044790850304,1837600.0
2024-02-05,29.896713256835938,30.13226883269593,29.33137951534265,30.00978072399316,1906600.0
2024-02-06,30.08515739440918,30.58453404776319,30.00977968463048,30.01920212299611,1251800.0
2024-02-07,30.27360343933105,30.480889900759536,29.821335370486835,30.207648166018423,822200.0
2024-02-08,30.59395980834961,30.70702548008068,30.094581332955784,30.273604076534166,840300.0
2024-02-09,30.56569099426269,30.754136178523307,30.283025015018247,30.556270352481487,831900.0
2024-02-12,31.33831024169922,31.743466094004223,30.68817818753873,30.68817818753873,1187200.0
2024-02-13,30.90489196777344,31.253513226434023,30.61280534333876,30.999116358149934,1350400.0
2024-02-14,30.952003479003903,31.281783465742706,30.48089229305685,31.16871778751748,924500.0
2024-02-15,32.3182258605957,32.65742648141447,31.14044792402667,31.14044792402667,1346100.0
2024-02-16,32.148624420166016,32.45955950975156,31.91306884113196,32.28995920530361,1184100.0
2024-02-20,31.630401611328125,32.186312899584024,31.44195643671222,31.94133668858828,910200.0
2024-02-21,32.8741340637207,32.89297894022861,31.8753807688506,31.8753807688506,1329200.0
2024-02-22,32.610313415527344,32.98720016782707,32.308802575970475,32.51608903173287,1688500.0
2024-02-23,32.59146881103516,33.15680074135385,31.90364697790674,32.685689601324015,1921400.0
2024-02-26,32.676265716552734,33.12853193477411,32.11093384234912,32.34648938898269,1210200.0
2024-02-27,33.17564392089844,33.24159918958471,32.79875718473296,32.96835747400982,1034300.0
2024-02-28,33.0343132019043,33.52426920059359,32.761067888238465,33.1473788648964,1190200.0
2024-02-29,33.66559982299805,33.74097932660567,33.29813372864231,33.524268645172604,1685800.0
2024-03-01,34.34400177001953,34.53244693909019,33.8728906444892,34.03306670190904,1786900.0
2024-03-04,33.36408615112305,34.60781910021511,33.33582063682758,34.51359832303539,1283400.0
2024-03-05,33.50542449951172,33.93884587182413,33.0814237682093,33.20391366709503,1983200.0
2024-03-06,33.6844482421875,34.042493733401585,33.31698210917778,33.85404854885244,1068000.0
2024-03-07,33.96711730957031,34.2309420296387,33.69387194684993,33.778672107890976,1098800.0
2024-03-08,34.240352630615234,34.66435331147367,34.089597232342484,34.09901787223169,919000.0
2024-03-11,34.626670837402344,34.626670837402344,33.71271402158831,33.97653871970679,1010400.0
2024-03-12,34.82453155517578,34.9847111977746,34.40995508224242,34.67377614735525,1033700.0
2024-03-13,35.15431594848633,35.38987152778505,35.00356052150686,35.16373659016941,879000.0
2024-03-14,35.30506896972656,35.38986911626741,34.8622233606474,35.34275512818377,1007100.0
2024-03-15,35.71964645385742,35.84213635653193,35.210845560556635,35.210845560556635,1930100.0
2024-03-18,36.20017623901367,36.27555574244021,35.474668287142315,35.71022384391141,1015100.0
2024-03-19,36.84089279174805,36.878582548730776,35.97404994690365,36.030584582377735,1476200.0
2024-03-20,36.87857818603516,36.953957691083296,36.16249085954096,36.59591223068988,1182300.0
2024-03-21,37.19893646240234,37.26489173672721,36.74667018376348,37.03876039455422,901400.0
2024-03-22,36.77493667602539,37.39680327489501,36.69013652189349,37.35911711306426,780100.0
2024-03-25,37.22720718383789,37.81138768705443,36.99165157281962,37.0952966167546,852700.0
2024-03-26,36.61476135253906,37.37795916103702,36.60533711616896,37.21778308567578,1494400.0
2024-03-27,37.14789581298828,37.18597756145064,36.386279002118094,36.586202734032376,1537500.0
2024-03-28,37.77622604370117,37.90950851720583,37.33829687885013,37.45253848018626,1293800.0
2024-04-01,37.74766540527344,37.976148601009,37.528697197820726,37.966629981051234,830800.0
2024-04-02,38.07135009765625,38.09038733614101,37.61437647717978,38.004705236261,1602800.0
2024-04-03,38.975772857666016,38.99481373028436,38.1475148729813,38.223678363454674,1606600.0
2024-04-04,38.79489135742188,39.32802491415395,38.63304938207969,39.01385595259525,1339600.0
2024-04-05,39.489864349365234,39.680269438213095,38.709206753596526,38.8805709703921,1481400.0
2024-04-08,39.423221588134766,39.82307262241658,39.28993912059912,39.51842231303884,1269800.0
2024-04-09,40.24196243286133,40.280044176946944,39.56602781787916,39.59458731010587,1568900.0
2024-04-10,40.48948669433594,40.54660931072997,39.82307432811399,40.2419626199785,1504900.0
2024-04-11,40.59420776367188,40.75605335332961,39.97539579108014,40.603730015126665,1385300.0
2024-04-12,40.59420776367188,41.21302336793846,40.23243847356181,40.92741756276729,1455800.0
2024-04-15,40.31812286376953,41.0321392330099,40.270522498821855,40.87981588617229,1382300.0
2024-04-16,40.70845031738281,40.74653206074843,39.65170917654904,40.04203796685925,1385000.0
2024-04-17,40.41332244873047,41.12733873357845,40.14675389951515,40.65132787701313,1483200.0
2024-04-18,40.03252029418945,40.7370181003356,39.85163744002541,40.651335983799925,1357600.0
2024-04-19,40.4609260559082,40.86077346431557,39.56602688113344,39.69930935060256,1341000.0
2024-04-22,40.61324691772461,40.98453481191608,39.95635323043776,40.44188271553245,1911200.0
2024-04-23,41.04165649414063,41.27966192161147,40.31811796089147,40.49900441004107,1072800.0
2024-04-24,40.90837478637695,41.184458327235774,40.58468725381088,41.07021673682265,1166100.0
2024-04-25,40.99405670166016,41.20349901119098,40.375241129011954,40.8036516307165,1015900.0
2024-04-26,41.1939811706543,41.222540660749615,40.65132906879478,41.1082990686936,1025300.0
2024-04-29,41.45102691650391,41.536709017306976,41.03213503183346,41.03213503183346,1303100.0
2024-04-30,38.83297348022461,41.65095738237892,38.76633223894682,41.59383476199427,2530000.0
2024-05-01,37.766700744628906,39.75642632976408,37.538217560391466,39.02337278463377,2017600.0
2024-05-02,38.05231094360352,38.51879957268572,37.7857423810246,38.2046342800737,1043200.0
2024-05-03,38.31887435913086,38.36647471895634,37.70005878637565,38.02374631753343,1098400.0
2024-05-06,38.6425666809082,39.05193636317234,38.38552034797432,38.55688456993024,1187300.0
2024-05-07,38.76632690429688,39.299456761154936,38.57592182755838,38.62352218882431,956300.0
2024-05-08,38.4616813659668,38.90912913304297,38.309358026428654,38.39504013189854,698900.0
2024-05-09,38.81393051147461,38.97577247964816,38.271278357977856,38.64256629124668,978500.0
2024-05-10,37.82382583618164,39.023375342929896,37.78574409242059,38.99481221927162,1805800.0
2024-05-13,37.71910095214844,38.15703371993829,37.49061776446875,38.04278849442365,1198100.0
2024-05-14,38.21415328979492,38.27127590343234,37.56677819527023,37.7000606620827,755700.0
2024-05-15,38.299835205078125,38.31887607619647,37.33829481948813,38.061829763611065,944900.0
2024-05-16,37.84286880493164,38.22367900029285,37.76670531318933,38.22367900029285,658900.0
2024-05-17,38.09039306640625,38.17607517917616,37.86190985346997,38.10943393943014,679400.0
2024-05-20,38.69017028808594,38.78537465919048,38.09991771393942,38.118958588160325,1186800.0
2024-05-21,38.994815826416016,39.4993898987372,38.52832713305387,38.52832713305387,1688200.0
2024-05-22,38.01422882080078,38.84248672758154,37.73814164131561,38.84248672758154,1293100.0
2024-05-23,37.633419036865234,38.59496304887257,37.16693040787835,38.23319376295176,1134600.0
2024-05-24,37.652462005615234,38.21415502096696,37.52869815296486,37.92854920319108,1167100.0
2024-05-28,38.385520935058594,38.52832566609768,37.85238738841119,37.85238738841119,1077000.0
2024-05-29,37.766700744628906,38.34743458805074,37.50013581912698,38.28079335667525,734700.0
2024-05-30,38.13799285888672,38.48071764049492,37.87142429762506,37.87142429762506,1109300.0
2024-05-31,38.966251373291016,38.98529224450991,38.242712793672446,38.33791714976691,951700.0
2024-06-03,37.09076690673828,38.9472100655107,36.97652531238031,38.89960970383445,1513100.0
2024-06-04,35.976905822753906,36.748041180684375,35.84362334763877,36.60524008520747,1488000.0
2024-06-05,36.034027099609375,36.17683183584203,35.60562015426201,36.11019059404687,1157400.0
2024-06-06,35.95786666870117,36.15779039092779,35.73890207316604,36.034026530260014,869900.0
2024-06-07,35.74842071533203,36.02450793095762,35.510415246346234,35.74842071533203,910700.0
2024-06-10,36.31963348388672,36.56715755641149,35.643695239091215,35.76745909119109,661800.0
2024-06-11,36.36723327636719,36.5385974899118,35.74841765726996,36.14826869943239,1125300.0
2024-06-12,36.23395156860352,37.24309236773856,36.129228587936666,37.12885076686337,994100.0
2024-06-13,35.558013916015625,36.25299304814512,35.12960699763658,36.21491130332363,1203900.0
2024-06-14,35.27240753173828,35.548494729786746,34.843996988503605,35.548494729786746,1535600.0
2024-06-17,35.46281433105469,35.67226030266275,34.78687968117891,35.31049097852387,1149800.0
2024-06-18,35.47233200073242,35.73890058427115,35.26288966641461,35.47233200073242,1098300.0
2024-06-20,35.48185348510742,35.919782648457954,35.34857101205944,35.47233123321827,1625200.0
2024-06-21,34.99631881713867,35.69129790808886,34.805917367663135,35.510411446742296,2951300.0
2024-06-24,36.5957145690918,36.77660102490718,35.32952753675783,35.34856840745812,822300.0
2024-06-25,36.5766716003418,36.60523472059122,36.07210126658804,36.55763436240824,907900.0
2024-06-26,36.6242790222168,36.68139800471911,36.186346243541415,36.56715640803961,825100.0
2024-06-27,36.25870895385742,37.44199887267744,36.10478515148652,37.153392201961104,1484500.0
2024-06-28,35.75845718383789,36.85516845045538,35.71035668166601,36.71086327410666,6973800.0
2024-07-01,36.24909210205078,36.63390346179362,35.7199792347792,36.31643353953081,1541100.0
2024-07-02,36.62427520751953,37.01870513573158,36.39339136506163,36.54731514997773,1367100.0
2024-07-03,37.38428115844727,37.43238166041899,36.70124448888284,36.78782686036517,516000.0
2024-07-05,36.62427520751953,37.37465320025647,36.38376906422359,37.21111078433484,817700.0
2024-07-08,37.34579849243164,37.34579849243164,36.46073753156258,36.46073753156258,1541800.0
2024-07-09,36.78782653808594,37.71136937925135,36.75896330128931,36.93212804273696,1167600.0
2024-07-10,36.91288375854492,37.18225314848274,36.73971903281085,36.884024194200144,876900.0
2024-07-11,37.84605407714844,37.93263645204883,36.77820600998798,37.182258316134224,878000.0
2024-07-12,37.980735778808594,38.37516577005649,37.730610964533405,38.37516577005649,926400.0
2024-07-15,39.14478302001953,39.43339336071133,38.04807546885606,38.40402357392091,1960300.0
2024-07-16,39.8085823059082,40.06832941001836,38.71187475733172,38.91389905947309,2203900.0
2024-07-17,40.06832885742188,41.03035352463649,39.86630088823383,40.21263035560435,1562400.0
2024-07-18,40.06832885742188,40.55895982297487,39.69313615454857,40.04908792369764,963200.0
2024-07-19,39.750858306884766,40.11642870201247,39.55845264261583,39.83744067231415,925200.0
2024-07-22,38.8465576171875,39.74124086343287,38.82731668320199,39.59693569345797,1066400.0
2024-07-23,37.39389801025391,38.58681021944605,37.21111464353207,38.50022785208668,2621800.0
2024-07-24,36.74934387207031,37.8075695625642,36.70124337156295,37.55744475802612,1457700.0
2024-07-25,37.96149444580078,38.10579962126021,36.54732060753044,36.93212829236715,2322700.0
2024-07-26,38.66376876831055,38.71187293593769,37.51896077353977,38.14427825436519,1906700.0
2024-07-29,38.70225143432617,40.010605552436544,38.13465674102337,39.66427608942699,2117800.0
2024-07-30,39.09668350219727,39.519976721936736,38.79845819174412,38.79845819174412,1983400.0
2024-07-31,41.549842834472656,42.13667845139639,39.77009872037559,40.49161719957701,4019800.0
2024-08-01,39.84706115722656,41.84807428694997,39.49111304716666,41.57870854634605,2038200.0
2024-08-02,37.11491394042969,39.26022853786646,36.48959643008357,39.26022853786646,2279700.0
2024-08-05,35.24858474731445,35.76807897088615,34.719471891380174,35.59491422969558,2500400.0
2024-08-06,35.03693771362305,36.14326758343472,34.77719427480895,35.123520083172075,1681100.0
2024-08-07,35.604530334472656,36.76858293869095,35.50832933834416,36.17212501922942,1414200.0
2024-08-08,36.67237854003906,36.92250700352879,35.94124142256796,36.14326571781003,964500.0
2024-08-09,36.51845169067383,36.76858013325559,36.17212225930368,36.61465634929469,1156800.0
2024-08-12,37.54782485961914,37.62478860122406,36.81668766353831,36.81668766353831,987900.0
2024-08-13,37.20149230957031,37.31693791250504,36.7204799735076,37.31693791250504,1183700.0
2024-08-14,37.02832794189453,37.45161743873231,36.9513642134699,37.42275787548935,837500.0
2024-08-15,37.980735778808594,38.20200102562248,37.20149442885554,37.34579960582825,1059800.0
2024-08-16,37.13415145874024,37.79795084161479,37.11491419444883,37.58630423607995,989900.0
2024-08-19,37.49010467529297,37.9711170373785,37.18225705714488,37.23997619190197,950400.0
2024-08-20,36.13365173339844,37.518966083015975,35.845041366124015,37.326560394777445,1073300.0
2024-08-21,36.3837776184082,36.73972576662001,36.095170912565294,36.68200662735145,1068000.0
2024-08-22,36.60503768920898,36.88402572220858,36.403013390760805,36.403013390760805,608400.0
2024-08-23,38.10579681396485,38.19237917889527,36.89364370493883,36.98022606986926,1841100.0
2024-08-26,38.66376876831055,39.125540152835725,38.28857974774839,38.83693349623658,908000.0
2024-08-27,38.35592269897461,38.67339260270042,38.048075097088734,38.46174600021655,955600.0
2024-08-28,38.250099182128906,38.26934011586743,37.86529151685705,37.951873883763966,680000.0
2024-08-29,38.77921295166016,39.01971910168819,38.240477854457616,38.62528916243552,828900.0
2024-08-30,38.26933670043945,38.34630042852476,37.86528813748924,38.25971806934506,926800.0
2024-09-03,36.67237854003906,37.42276026067546,36.18174758447504,37.30731466068045,2169800.0
2024-09-04,35.315921783447266,36.91288245448517,35.25820265679681,36.82630009467693,1825000.0
2024-09-05,34.902252197265625,35.78731675998555,34.757950705511945,35.6622525312662,1196500.0
2024-09-06,33.622764587402344,35.133143099249004,33.35339517120164,34.85415505060649,2072800.0
2024-09-09,33.151371002197266,33.9594719145647,33.13213006739886,33.64200566497379,1265500.0
2024-09-10,32.67036056518555,33.43036102021812,32.208589112336625,33.160995256847904,1533200.0
2024-09-11,32.689598083496094,32.901244686778846,31.910356774000167,32.872381450982985,1258800.0
2024-09-12,32.7954216003418,33.05516870521157,32.247067824449914,32.72808016609773,1079600.0
2024-09-13,33.13212966918945,33.69010576213762,33.02631003381969,33.16099290595669,879600.0
2024-09-16,33.56503677368164,33.73820149045408,33.103265418899305,33.3918720569092,1272500.0
2024-09-17,34.70022964477539,34.88301301141733,33.65162260491818,33.65162260491818,1288300.0
2024-09-18,34.79643249511719,35.68149714924477,34.54630768167881,34.690612858168734,1226800.0
2024-09-19,35.83542251586914,36.34529446725165,35.26782775741506,36.08554734017945,1363800.0
2024-09-20,35.70073699951172,36.018203240378625,35.2101023502179,35.81617893529668,3589500.0
2024-09-23,35.72959899902344,36.41263569785958,35.421751369411844,35.76808087018319,1596200.0
2024-09-24,35.97972869873047,36.34529547751204,35.74884113385964,36.19137165754261,1416800.0
2024-09-25,35.04655838012695,35.92200066700786,34.863775017312804,35.84503693329697,1555100.0
2024-09-26,33.093650817871094,34.4212422483505,32.93972701419958,34.13263557519554,2350900.0
2024-09-27,34.25260543823242,34.27208419353608,33.57086757856777,33.63904136453424,1437000.0
2024-09-30,34.486351013183594,34.768787426911835,33.65852424488292,33.89226190678735,1360300.0
2024-10-01,35.450523376464844,35.70373975528289,33.81434514584693,34.09677779889983,1133500.0
2024-10-02,35.91800308227539,36.36600330069776,35.46026162877845,36.16148194644311,1536900.0
2024-10-03,38.06061935424805,38.12879314172984,35.70374192281576,35.976437072742904,2201300.0
2024-10-04,38.62548828125,38.81053088734271,38.05087799210734,38.48914070674034,1160300.0
2024-10-07,39.073490142822266,39.3948840519976,38.58653237633328,38.74235871300204,1099300.0
2024-10-08,38.33331680297852,38.44044810835808,37.30096497818534,38.04114287979343,1563600.0
2024-10-09,38.06061935424805,38.489140834875386,37.6905304256378,37.95348805529302,819500.0
2024-10-10,38.21644592285156,38.60600989443075,37.96322581189193,38.28461971075774,878100.0
2024-10-11,38.83974838256836,39.34618485191211,38.09957057537652,38.17748559305672,1380200.0
2024-10-14,38.60601043701172,38.78131552700363,38.15801019156255,38.27487901315954,631600.0
2024-10-15,36.61922073364258,37.62235620907767,36.58026693780638,37.2717460402027,1598800.0
2024-10-16,36.93087387084961,37.39835657887929,36.83348380720588,36.84322504268592,723900.0
2024-10-17,36.85296249389648,37.03800510054983,36.5315685971276,36.90165752562707,851500.0
2024-10-18,36.25887298583984,36.94061456697036,36.132262932797374,36.94061456697036,860900.0
2024-10-21,36.35626983642578,36.8140076257916,36.21018101555162,36.64844376298106,1061400.0
2024-10-22,36.68739318847656,36.8919182563572,36.249134208485806,36.64843939405451,671500.0
2024-10-23,36.23939514160156,36.68739538339506,35.96669998836949,36.482874018471,630600.0
2024-10-24,36.297828674316406,36.60948131600945,35.98617603262336,36.49261250417269,482700.0
2024-10-25,36.346527099609375,37.0087899538945,36.20043828476685,36.47313715812671,919400.0
2024-10-28,35.59661102294922,35.674526046769245,34.88565314895919,35.060958237361426,1424700.0
2024-10-29,35.08043670654297,35.694004510935024,34.77852156449769,35.41156812468552,709200.0
2024-10-30,35.518699645996094,35.918004854323534,35.090174446195945,35.33365332237592,568500.0
2024-10-31,35.30443572998047,36.258872443202335,35.18756691402483,35.94721979052551,1047300.0
2024-11-01,34.885650634765625,36.06408742116791,34.72008679386942,35.75243477873412,729500.0
2024-11-04,35.265480041503906,35.88878537905913,35.09991618661268,35.187568731905934,813900.0
2024-11-05,35.80113220214844,36.0251360368737,35.07069557598889,35.35313196308352,1821400.0
2024-11-06,39.98897171020508,40.43697194791727,37.93400941371694,39.15140378697363,4982800.0
2024-11-07,39.4825325012207,40.29088037780472,39.2682699173392,40.2519265840747,1790300.0
2024-11-08,39.86236190795898,39.91105694015954,38.84948889133901,39.4825354555247,1255200.0
2024-11-11,40.02792739868164,40.43697385933135,39.443579557974026,39.84288478266926,1007900.0
2024-11-12,39.61888122558594,40.58305545085699,39.48253365556317,40.22270777076931,874400.0
2024-11-13,39.52149200439453,40.037666020490576,39.20009811235477,39.959750998713886,888500.0
2024-11-14,39.83314514160156,40.20323035392681,39.37540367112383,40.13505656664623,753500.0
2024-11-15,39.44357681274414,40.30062347263304,39.19036042344588,39.95975082661715,730300.0
2024-11-18,40.174015045166016,40.58305777869696,39.74549355548701,40.027926231651904,1159300.0
2024-11-19,40.00844955444336,40.212970912844376,39.52149181623558,39.62861939787943,553400.0
2024-11-20,40.48566818237305,40.495409418156406,39.74549401613208,39.74549401613208,928900.0
2024-11-21,41.2355842590332,41.46932562415037,40.7096689739143,40.91419034639622,1026700.0
2024-11-22,42.073150634765625,42.28740951992015,41.11871388397088,41.24532022490993,1309700.0
2024-11-25,42.18028259277344,42.443240229520896,41.44984595131701,42.23871514636651,1620400.0
2024-11-26,42.00497817993164,42.30688961888565,41.488800418635705,42.28741086230911,790400.0
2024-11-27,42.32636642456055,43.15419682253897,42.22897636135968,42.43349772319716,1165200.0
2024-11-29,42.355587005615234,42.67697719080872,42.209498193586406,42.46271459055119,599400.0
2024-12-02,42.19002151489258,42.550369229728105,41.40114857844324,42.51141543110294,1034300.0
2024-12-03,42.34584426879883,42.638018167305525,41.98549658448033,42.638018167305525,664500.0
2024-12-04,40.6414909362793,42.41401674295621,40.42722835024388,42.41401674295621,1418800.0
2024-12-05,40.42723083496094,41.14792994079821,40.35905704706735,40.90445106540888,1308600.0
2024-12-06,39.18062210083008,40.25193143412977,38.50862170931146,40.25193143412977,1478100.0
2024-12-09,39.79418563842773,40.378533418782375,39.394880454973794,39.73574937431524,828400.0
2024-12-10,39.346187591552734,40.02792546776071,39.20009878082658,40.02792546776071,1119200.0
2024-12-11,40.1934928894043,40.32010294389781,39.200098639547896,39.73575141829198,1273800.0
2024-12-12,40.13505935668945,40.4077582399616,39.394885165391976,40.15453811372268,1143200.0
2024-12-13,39.64810180664063,40.242190896427815,39.31697036553923,40.14480082588925,1047100.0
2024-12-16,38.24566268920898,39.19036192686327,37.87557375355171,39.131925658540695,1459000.0
2024-12-17,37.50548553466797,37.86583695675464,36.88218018808648,37.64183683002647,2131500.0
2024-12-18,35.849830627441406,38.35279314672226,35.791394360404006,37.7100090700819,2741200.0
2024-12-19,35.08043670654297,36.69713628566416,34.99278416305839,36.57052623058803,1976100.0
2024-12-20,34.642173767089844,36.10304700567455,34.29156359539867,34.53504246849612,4749900.0
2024-12-23,34.70061111450195,34.94408999518009,34.184433361133145,34.59347981257271,2225500.0
2024-12-24,35.158348083496094,35.226521871318624,34.20391133878788,34.70061032457237,408000.0
2024-12-26,35.18756866455078,35.30443748632047,34.66165339379793,35.15834867271372,712800.0
2024-12-27,35.09991455078125,35.65504607336902,34.97330449899324,35.10965207082985,931700.0
2024-12-30,36.0458984375,36.41049502725138,35.07035174070696,35.35611836248461,1220100.0
2024-12-31,36.61742782592773,36.82436072018941,36.14443674233006,36.17399751036773,919800.0
2025-01-02,37.20866775512695,37.58312045953902,36.85392724247252,37.179106985488886,906900.0
2025-01-03,37.74078369140625,37.96742502679992,37.32691788564368,37.464873154231206,1105500.0
2025-01-06,37.93786239624024,38.63749480060855,37.77034636660231,38.09552608960491,1066000.0
2025-01-07,38.7163314819336,38.72618381895885,37.8097623566408,38.05611213126395,1010600.0
2025-01-08,38.82472610473633,39.07107588012425,38.38129575723821,38.38129575723821,1059000.0
2025-01-10,39.37654495239258,39.99734740352012,39.159759718521904,39.7411453056733,1542600.0
2025-01-13,40.194427490234375,40.72654387063783,39.54406427829649,39.80026637312093,1726600.0
2025-01-14,40.568878173828125,40.74625030831213,39.97764023154757,40.15501236603157,1311100.0
2025-01-15,41.12070083618164,41.28822062500523,40.56887602929077,40.9236202795064,1762700.0
2025-01-16,41.45573806762695,41.73164860097584,40.84479170421194,40.84479170421194,1191200.0
2025-01-17,41.41632080078125,41.603549025733976,40.83493521187359,41.2685131989228,1878600.0
2025-01-21,39.87910079956055,41.14041038204659,39.70172866964857,41.07143274919182,1523600.0
2025-01-22,39.29771423339844,40.12544956610389,39.21888050695079,39.8002660830058,1546400.0
2025-01-23,38.854286193847656,39.92837134607192,38.538958787598254,39.57362707429155,1205500.0
2025-01-24,37.38603973388672,38.9429720842701,37.33677053169719,38.84442992089188,1995700.0
2025-01-27,36.71596908569336,37.76049349271818,36.37108090172252,37.00173572898306,1575100.0
2025-01-28,36.893341064453125,37.34662750868943,36.242977806808895,36.863780294241785,2000200.0
2025-01-29,37.248085021972656,37.26779345494345,36.12473065563209,36.61743020290422,1016500.0
2025-01-30,36.62728118896485,37.523997940565735,36.2429761577068,37.33676971374837,1319800.0
2025-01-31,35.42509841918945,36.62728276582977,35.149184114895576,36.568161225551925,1294600.0
2025-02-03,35.32655334472656,35.79954818199561,34.57765174388197,35.405387070604384,1435200.0
2025-02-04,36.30210113525391,36.44005640074905,34.96195782644555,35.09991309194069,1368000.0
2025-02-05,35.641883850097656,36.43020614188469,35.55320153922086,36.02619265889351,1254600.0
2025-02-06,35.09006118774414,35.95721341453931,34.5776532245924,35.95721341453931,1720800.0
2025-02-07,34.646629333496094,35.50392542690798,34.636776997272506,35.19845413699053,774600.0
2025-02-10,35.572906494140625,35.819256272518324,35.070354600209804,35.15904067078575,1132200.0
2025-02-11,35.70100784301758,36.41049637605877,35.67144707380724,35.750277044701186,759300.0
2025-02-12,34.607215881347656,35.41524285527952,34.33130533190731,35.26743524336475,1043600.0
2025-02-13,34.00611877441406,34.390427552577826,33.15867876858864,34.24261619489953,2041300.0
2025-02-14,34.59736251831055,34.676192490527846,33.80904400114153,34.00612081118438,1307200.0
2025-02-18,34.67619323730469,35.464515530449994,33.97656077318754,34.9619598806199,1594400.0
2025-02-19,34.88312911987305,35.63203077066955,34.74517009038496,34.75502618627656,1468600.0
2025-02-20,34.86341857910156,35.20830673447042,34.24261614043865,34.90283168328731,2017000.0
2025-02-21,32.51816940307617,34.59736204816727,32.33094493247997,34.48896754871716,2751100.0
2025-02-24,32.80393600463867,33.17838494546905,32.39992253553284,32.518169371637214,2231900.0
2025-02-25,31.719995498657227,32.8137890949901,31.67072629573216,32.59700385031998,1605700.0
2025-02-26,31.61160469055176,32.055031274961,31.31598383511292,31.680582326304272,2151500.0
2025-02-27,31.44408416748047,31.907222933173887,31.237151264978824,31.72985079988701,1237600.0
2025-02-28,31.04007148742676,31.48350183190413,30.70503564482155,31.14846598929892,1914100.0
2025-03-03,28.005041122436523,31.37510595418292,27.91635505743008,31.27656567312025,3643200.0
2025-03-04,27.21672248840332,27.886792261172165,26.42840212358779,27.60102751505743,3186100.0
2025-03-05,27.20686912536621,27.256138327430783,26.211615831765208,26.802855654038027,4785700.0
2025-03-06,26.49738121032715,27.27584740186205,26.32986328806645,26.79300206816936,2194500.0
2025-03-07,27.08861923217773,27.541903765375974,26.35942417220617,27.078765016293044,2094100.0
2025-03-10,27.482778549194336,28.56671786613753,27.059056662430216,27.20686802162664,2625300.0
2025-03-11,27.54190444946289,28.57657270956097,27.1477433222831,27.81781498308929,1950000.0
2025-03-12,28.37949180603028,28.69482107989688,27.551756456066933,28.26124497289238,1973200.0
2025-03-13,27.91635513305664,28.75394470510908,27.45321825415684,28.34007702712432,1255100.0
2025-03-14,28.960878372192383,29.02985600710206,28.09372800839996,28.241537494563488,1245300.0
2025-03-17,28.95102310180664,29.48313948802171,28.82292205299534,28.96087731779205,1259000.0
2025-03-18,29.49299430847168,29.57182615847112,28.951023695163407,29.30576795991067,1247200.0
2025-03-19,30.26160430908203,30.626202789209326,29.51270267549544,29.64080372664854,1769700.0
2025-03-20,30.35029029846192,30.66561957646504,29.798467351080667,29.97583948261381,1248600.0
2025-03-21,29.670366287231445,30.33058373237092,29.56197178923108,30.232043450506907,3519100.0
2025-03-24,30.48824691772461,30.507953470165653,29.749197635449285,29.759051851419564,964100.0
2025-03-25,30.192626953125,30.852844406293183,30.12364931883124,30.66561993592428,775500.0
2025-03-26,30.49810218811035,31.12875699601584,30.419270337122168,30.64591167377576,1220200.0
2025-03-27,30.36999893188477,30.60649448232876,29.90686204720272,30.3995615805026,1322300.0
2025-03-28,30.14999961853028,30.440000534057617,29.75,30.440000534057617,1270700.0
2025-03-31,30.229999542236328,30.770000457763672,29.790000915527344,29.979999542236328,1690500.0
2025-04-01,29.8700008392334,30.26000022888184,29.530000686645508,29.84000015258789,1357400.0
2025-04-02,30.600000381469727,30.979999542236328,29.25,29.3700008392334,1733300.0
2025-04-03,25.959999084472656,28.6200008392334,25.950000762939453,28.559999465942383,2645300.0
2025-04-04,23.39999961853028,24.63999938964844,22.5,24.420000076293945,5351000.0
2025-04-07,22.540000915527344,24.31999969482422,21.6200008392334,22.450000762939453,3971000.0
2025-04-08,20.600000381469727,23.43000030517578,20.3799991607666,23.309999465942383,3636400.0
2025-04-09,24.739999771118164,25.200000762939453,19.8799991607666,20.170000076293945,3190800.0
2025-04-10,21.71999931335449,23.670000076293945,21.14999961853028,23.65999984741211,2984800.0
2025-04-11,22.479999542236328,22.700000762939453,21.100000381469727,21.90999984741211,2650800.0
2025-04-14,22.700000762939453,23.26000022888184,22.059999465942383,23.200000762939453,1497800.0
2025-04-15,22.43000030517578,23.18000030517578,22.350000381469727,22.420000076293945,1644600.0
2025-04-16,22.93000030517578,23.6299991607666,22.549999237060547,22.57999992370605,1429400.0
2025-04-17,24.190000534057617,24.530000686645508,23.26000022888184,23.440000534057617,2134400.0
2025-04-21,23.09000015258789,23.850000381469727,22.920000076293945,23.51000022888184,1481300.0
2025-04-22,23.559999465942383,23.950000762939453,23.030000686645508,23.6200008392334,1438400.0
2025-04-23,23.43000030517578,24.64999961853028,23.21999931335449,24.270000457763672,1410000.0
2025-04-24,23.75,23.96999931335449,23.5,23.809999465942383,1029500.0
2025-04-25,24.15999984741211,24.15999984741211,23.309999465942383,23.309999465942383,1158300.0
2025-04-28 00:00:00,24.799999237060547,24.81999969482422,24.100000381469727,24.100000381469727,2077600.0
2025-04-29 00:00:00,24.760000228881836,25.030000686645508,24.219999313354492,24.440000534057617,3234100.0
2025-04-30 00:00:00,24.299999237060547,26.399999618530273,23.639999389648438,26.079999923706055,3074800.0
2025-05-01 00:00:00,25.079999923706055,25.469999313354492,24.25,24.469999313354492,1960400.0
2025-05-02 00:00:00,25.440000534057617,25.8700008392334,25.0,25.489999771118164,1750000.0
2025-05-05 00:00:00,24.299999237060547,24.790000915527344,24.290000915527344,24.639999389648438,1719400.0
2025-05-06 00:00:00,24.450000762939453,24.989999771118164,24.219999313354492,24.799999237060547,1521500.0
2025-05-07 00:00:00,24.450000762939453,24.610000610351562,23.940000534057617,24.610000610351562,1245200.0
2025-05-08 00:00:00,26.299999237060547,26.559999465942383,24.899999618530273,24.969999313354492,1881900.0
2025-05-09 00:00:00,26.549999237060547,27.040000915527344,26.1200008392334,26.670000076293945,1482400.0
2025-05-12 00:00:00,28.200000762939453,29.06999969482422,27.809999465942383,28.309999465942383,2537800.0
2025-05-13 00:00:00,29.610000610351562,29.940000534057617,28.229999542236328,28.229999542236328,2136500.0
2025-05-14 00:00:00,29.809999465942383,29.809999465942383,28.940000534057617,29.229999542236328,1753000.0
2025-05-15 00:00:00,28.739999771118164,29.299999237060547,28.489999771118164,29.010000228881836,2130700.0
2025-05-16 00:00:00,28.43000030517578,28.979999542236328,28.059999465942383,28.979999542236328,1241800.0
2025-05-19 00:00:00,28.260000228881836,28.260000228881836,27.489999771118164,27.979999542236328,1320700.0
